"","danceability","energy","key","loudness","mode","speechiness","acousticness","instrumentalness","liveness","valence","tempo","type","id","uri","track_href","analysis_url","duration_ms","time_signature","track.name","person"
"1",0.694,0.503,5,-9.473,1,0.0663,0.892,0,0.0528,0.642,112.237,"audio_features","0p9Lg5fKo6Ufp6AMmGUo5N","spotify:track:0p9Lg5fKo6Ufp6AMmGUo5N","https://api.spotify.com/v1/tracks/0p9Lg5fKo6Ufp6AMmGUo5N","https://api.spotify.com/v1/audio-analysis/0p9Lg5fKo6Ufp6AMmGUo5N",120520,4,"Lili`u E","Hope Hahn"
"2",0.568,0.778,0,-6.5,1,0.0338,0.00101,0.00659,0.113,0.672,124.077,"audio_features","4Vie7AYSqfGHEP2uBh0ua5","spotify:track:4Vie7AYSqfGHEP2uBh0ua5","https://api.spotify.com/v1/tracks/4Vie7AYSqfGHEP2uBh0ua5","https://api.spotify.com/v1/audio-analysis/4Vie7AYSqfGHEP2uBh0ua5",184662,4,"Egg","Hope Hahn"
"3",0.595,0.597,7,-8.994,1,0.0253,0.159,0.778,0.15,0.232,81.774,"audio_features","7M7EKn4FPDVeHXEGUureMm","spotify:track:7M7EKn4FPDVeHXEGUureMm","https://api.spotify.com/v1/tracks/7M7EKn4FPDVeHXEGUureMm","https://api.spotify.com/v1/audio-analysis/7M7EKn4FPDVeHXEGUureMm",120842,4,"Forgot Again","Hope Hahn"
"4",0.707,0.339,3,-14.17,0,0.0546,0.749,0.000335,0.0913,0.294,79.374,"audio_features","2MIYcQ9FnuNH6JzIQHi2eG","spotify:track:2MIYcQ9FnuNH6JzIQHi2eG","https://api.spotify.com/v1/tracks/2MIYcQ9FnuNH6JzIQHi2eG","https://api.spotify.com/v1/audio-analysis/2MIYcQ9FnuNH6JzIQHi2eG",160584,4,"Bowlly Goes Dancing Drunk into the Future","Hope Hahn"
"5",0.301,0.858,9,-4.163,1,0.0731,0.022,1.13e-06,0.181,0.671,169.847,"audio_features","2tdFpegVQi5j1Oxq4eZqH5","spotify:track:2tdFpegVQi5j1Oxq4eZqH5","https://api.spotify.com/v1/tracks/2tdFpegVQi5j1Oxq4eZqH5","https://api.spotify.com/v1/audio-analysis/2tdFpegVQi5j1Oxq4eZqH5",245781,4,"Sunroof","Hope Hahn"
"6",0.606,0.543,2,-6.792,1,0.0281,0.173,0.132,0.293,0.623,75.333,"audio_features","4XHvLCzN2G5VUfvh3wxW6D","spotify:track:4XHvLCzN2G5VUfvh3wxW6D","https://api.spotify.com/v1/tracks/4XHvLCzN2G5VUfvh3wxW6D","https://api.spotify.com/v1/audio-analysis/4XHvLCzN2G5VUfvh3wxW6D",186252,4,"No Mast","Hope Hahn"
"7",0.705,0.712,6,-6.156,1,0.0385,0.0102,0.000855,0.1,0.62,97.512,"audio_features","2Y0iGXY6m6immVb2ktbseM","spotify:track:2Y0iGXY6m6immVb2ktbseM","https://api.spotify.com/v1/tracks/2Y0iGXY6m6immVb2ktbseM","https://api.spotify.com/v1/audio-analysis/2Y0iGXY6m6immVb2ktbseM",299960,4,"Little Dark Age","Hope Hahn"
"8",0.504,0.308,9,-14.958,1,0.0321,0.868,0.135,0.158,0.121,113.95,"audio_features","3vkCueOmm7xQDoJ17W1Pm3","spotify:track:3vkCueOmm7xQDoJ17W1Pm3","https://api.spotify.com/v1/tracks/3vkCueOmm7xQDoJ17W1Pm3","https://api.spotify.com/v1/audio-analysis/3vkCueOmm7xQDoJ17W1Pm3",137773,4,"My Love Mine All Mine","Hope Hahn"
"9",0.656,0.171,7,-13.109,1,0.0357,0.0153,0.0567,0.0952,0.326,76.007,"audio_features","0uM57F11AC3qRQEELu1fBF","spotify:track:0uM57F11AC3qRQEELu1fBF","https://api.spotify.com/v1/tracks/0uM57F11AC3qRQEELu1fBF","https://api.spotify.com/v1/audio-analysis/0uM57F11AC3qRQEELu1fBF",251053,4,"Same Name","Hope Hahn"
"10",0.526,0.237,0,-16.222,1,0.0439,0.812,3.24e-05,0.116,0.375,89.724,"audio_features","7FVSwj41xO0BAnvilVmQBr","spotify:track:7FVSwj41xO0BAnvilVmQBr","https://api.spotify.com/v1/tracks/7FVSwj41xO0BAnvilVmQBr","https://api.spotify.com/v1/audio-analysis/7FVSwj41xO0BAnvilVmQBr",116811,3,"I'm Just Your Problem","Hope Hahn"
"11",0.535,0.448,2,-9.167,1,0.0279,0.00262,1.94e-05,0.115,0.32,101.986,"audio_features","5411TEB6tlzvuF5A4oyldr","spotify:track:5411TEB6tlzvuF5A4oyldr","https://api.spotify.com/v1/tracks/5411TEB6tlzvuF5A4oyldr","https://api.spotify.com/v1/audio-analysis/5411TEB6tlzvuF5A4oyldr",149680,4,"Francis Forever","Hope Hahn"
"12",0.642,0.396,6,-16.843,1,0.0642,0.462,0.000823,0.106,0.797,84.082,"audio_features","6Dk5fHTvH897XrVzCO64Mx","spotify:track:6Dk5fHTvH897XrVzCO64Mx","https://api.spotify.com/v1/tracks/6Dk5fHTvH897XrVzCO64Mx","https://api.spotify.com/v1/audio-analysis/6Dk5fHTvH897XrVzCO64Mx",286493,4,"What You Won't Do for Love","Hope Hahn"
"13",0.229,0.741,9,-5.126,1,0.0592,0.0144,1.81e-05,0.0826,0.372,174.116,"audio_features","2Zhsc8Ne6gsfolquxOgkJ2","spotify:track:2Zhsc8Ne6gsfolquxOgkJ2","https://api.spotify.com/v1/tracks/2Zhsc8Ne6gsfolquxOgkJ2","https://api.spotify.com/v1/audio-analysis/2Zhsc8Ne6gsfolquxOgkJ2",208831,4,"Back to You","Hope Hahn"
"14",0.366,0.936,6,-4.808,0,0.077,0.000485,0.104,0.16,0.325,176.052,"audio_features","0BTGGYmAslHAzggyD5vuQZ","spotify:track:0BTGGYmAslHAzggyD5vuQZ","https://api.spotify.com/v1/tracks/0BTGGYmAslHAzggyD5vuQZ","https://api.spotify.com/v1/audio-analysis/0BTGGYmAslHAzggyD5vuQZ",260133,4,"So Very Emo","Hope Hahn"
"15",0.449,0.353,7,-12.986,1,0.0915,0.942,0.0786,0.109,0.55,165.888,"audio_features","4KGGeE7RJsgLNZmnxGFlOj","spotify:track:4KGGeE7RJsgLNZmnxGFlOj","https://api.spotify.com/v1/tracks/4KGGeE7RJsgLNZmnxGFlOj","https://api.spotify.com/v1/audio-analysis/4KGGeE7RJsgLNZmnxGFlOj",173640,4,"Falling Behind","Hope Hahn"
"16",0.726,0.624,2,-7.799,0,0.0277,0.498,0.0294,0.0909,0.573,114.99,"audio_features","180AbZduI6bYQIzwCHRwu9","spotify:track:180AbZduI6bYQIzwCHRwu9","https://api.spotify.com/v1/tracks/180AbZduI6bYQIzwCHRwu9","https://api.spotify.com/v1/audio-analysis/180AbZduI6bYQIzwCHRwu9",233388,4,"A Night To Remember","Hope Hahn"
"17",0.664,0.405,1,-7.413,1,0.08,0.877,0.000765,0.11,0.743,81.89,"audio_features","43iIQbw5hx986dUEZbr3eN","spotify:track:43iIQbw5hx986dUEZbr3eN","https://api.spotify.com/v1/tracks/43iIQbw5hx986dUEZbr3eN","https://api.spotify.com/v1/audio-analysis/43iIQbw5hx986dUEZbr3eN",169573,3,"From The Start","Hope Hahn"
"18",0.639,0.82,5,-6.782,1,0.0448,0.086,0.939,0.207,0.369,165.895,"audio_features","0H7Wdgn1C7vFy4z0o2kBUZ","spotify:track:0H7Wdgn1C7vFy4z0o2kBUZ","https://api.spotify.com/v1/tracks/0H7Wdgn1C7vFy4z0o2kBUZ","https://api.spotify.com/v1/audio-analysis/0H7Wdgn1C7vFy4z0o2kBUZ",174936,4,"japan","Hope Hahn"
"19",0.402,0.888,2,-4.345,1,0.0543,0.00498,0.0141,0.228,0.593,139.938,"audio_features","5Fz5fSybFycEpxuapAHIpG","spotify:track:5Fz5fSybFycEpxuapAHIpG","https://api.spotify.com/v1/tracks/5Fz5fSybFycEpxuapAHIpG","https://api.spotify.com/v1/audio-analysis/5Fz5fSybFycEpxuapAHIpG",160520,4,"Broken Candle","Hope Hahn"
"20",0.537,0.842,6,-6.336,0,0.125,0.0299,0.171,0.338,0.654,177.939,"audio_features","5tz7GvAgb15jjMdL1Vs4Up","spotify:track:5tz7GvAgb15jjMdL1Vs4Up","https://api.spotify.com/v1/tracks/5tz7GvAgb15jjMdL1Vs4Up","https://api.spotify.com/v1/audio-analysis/5tz7GvAgb15jjMdL1Vs4Up",111161,4,"Oligarchy","Hope Hahn"
"21",0.694,0.708,3,-6.814,0,0.0315,0.00267,0.592,0.059,0.968,114.987,"audio_features","3nVW6mJbZQgCwrAYUTUHm2","spotify:track:3nVW6mJbZQgCwrAYUTUHm2","https://api.spotify.com/v1/tracks/3nVW6mJbZQgCwrAYUTUHm2","https://api.spotify.com/v1/audio-analysis/3nVW6mJbZQgCwrAYUTUHm2",159552,4,"Scene for an Exit","Hope Hahn"
"22",0.283,0.81,1,-4.954,1,0.114,0.00112,0.892,0.354,0.59,151.21,"audio_features","1jkLIvmFDQAG8olYiUGdTU","spotify:track:1jkLIvmFDQAG8olYiUGdTU","https://api.spotify.com/v1/tracks/1jkLIvmFDQAG8olYiUGdTU","https://api.spotify.com/v1/audio-analysis/1jkLIvmFDQAG8olYiUGdTU",98574,4,"Intro","Hope Hahn"
"23",0.484,0.845,2,-8.081,1,0.0416,7.67e-05,0.358,0.269,0.413,139.941,"audio_features","7MEQveok5czso0DiG9hkbR","spotify:track:7MEQveok5czso0DiG9hkbR","https://api.spotify.com/v1/tracks/7MEQveok5czso0DiG9hkbR","https://api.spotify.com/v1/audio-analysis/7MEQveok5czso0DiG9hkbR",268285,4,"Pillhouse (Papa Moonshine)","Hope Hahn"
"24",0.425,0.945,9,-4.933,1,0.0554,0.000231,0.000468,0.101,0.818,176.975,"audio_features","3vYadaQuFDsiUiW0u4Dt8A","spotify:track:3vYadaQuFDsiUiW0u4Dt8A","https://api.spotify.com/v1/tracks/3vYadaQuFDsiUiW0u4Dt8A","https://api.spotify.com/v1/audio-analysis/3vYadaQuFDsiUiW0u4Dt8A",86333,4,"Buddy","Hope Hahn"
"25",0.154,0.781,7,-7.213,0,0.0424,1.86e-05,0,0.359,0.718,152.607,"audio_features","3HGXUK22QXlganmqnOLPSo","spotify:track:3HGXUK22QXlganmqnOLPSo","https://api.spotify.com/v1/tracks/3HGXUK22QXlganmqnOLPSo","https://api.spotify.com/v1/audio-analysis/3HGXUK22QXlganmqnOLPSo",139587,4,"Strangers of Our Time","Hope Hahn"
"26",0.443,0.942,7,-4.676,1,0.13,1.75e-05,5.27e-05,0.406,0.227,104.998,"audio_features","4s2K6z2hPC3kihzHJRgVEH","spotify:track:4s2K6z2hPC3kihzHJRgVEH","https://api.spotify.com/v1/tracks/4s2K6z2hPC3kihzHJRgVEH","https://api.spotify.com/v1/audio-analysis/4s2K6z2hPC3kihzHJRgVEH",261692,4,"My Pain","Hope Hahn"
"27",0.47,0.474,5,-9.406,1,0.0262,0.0643,0,0.0645,0.241,170.173,"audio_features","49SL9f1Kz73p0bzsNPTY4l","spotify:track:49SL9f1Kz73p0bzsNPTY4l","https://api.spotify.com/v1/tracks/49SL9f1Kz73p0bzsNPTY4l","https://api.spotify.com/v1/audio-analysis/49SL9f1Kz73p0bzsNPTY4l",247773,4,"Northern Downpour","Hope Hahn"
"28",0.63,0.721,5,-4.379,0,0.029,0.535,0.00265,0.158,0.699,93.982,"audio_features","2WW4cnkHAyUgYa8QIsCNgV","spotify:track:2WW4cnkHAyUgYa8QIsCNgV","https://api.spotify.com/v1/tracks/2WW4cnkHAyUgYa8QIsCNgV","https://api.spotify.com/v1/audio-analysis/2WW4cnkHAyUgYa8QIsCNgV",168042,4,"By My Side","Hope Hahn"
"29",0.282,0.907,11,-4.665,1,0.0434,0.028,0,0.131,0.815,190.361,"audio_features","6ixncUHZXJpLWbej9oOms2","spotify:track:6ixncUHZXJpLWbej9oOms2","https://api.spotify.com/v1/tracks/6ixncUHZXJpLWbej9oOms2","https://api.spotify.com/v1/audio-analysis/6ixncUHZXJpLWbej9oOms2",123329,4,"Crimson Wave","Hope Hahn"
"30",0.188,0.853,6,-5.552,0,0.0364,3.26e-05,5.4e-05,0.307,0.673,180.772,"audio_features","3tOygGZ0adoNNHSaM4Mhnl","spotify:track:3tOygGZ0adoNNHSaM4Mhnl","https://api.spotify.com/v1/tracks/3tOygGZ0adoNNHSaM4Mhnl","https://api.spotify.com/v1/audio-analysis/3tOygGZ0adoNNHSaM4Mhnl",175288,4,"New World","Hope Hahn"
"31",0.247,0.88,11,-4.646,0,0.0415,3.18e-05,0,0.336,0.747,178.453,"audio_features","4ve7zbGDOJ9WIlPiUoTtVp","spotify:track:4ve7zbGDOJ9WIlPiUoTtVp","https://api.spotify.com/v1/tracks/4ve7zbGDOJ9WIlPiUoTtVp","https://api.spotify.com/v1/audio-analysis/4ve7zbGDOJ9WIlPiUoTtVp",125935,4,"I Hate the Weekend","Hope Hahn"
"32",0.406,0.864,9,-5.399,1,0.0397,0.0815,0,0.196,0.686,150.997,"audio_features","60ooMa1yzfKIl1Nf4O1GI5","spotify:track:60ooMa1yzfKIl1Nf4O1GI5","https://api.spotify.com/v1/tracks/60ooMa1yzfKIl1Nf4O1GI5","https://api.spotify.com/v1/audio-analysis/60ooMa1yzfKIl1Nf4O1GI5",280613,4,"Raised By Wolves","Hope Hahn"
"33",0.582,0.775,4,-4.545,1,0.0301,0.0629,0,0.0983,0.613,94.997,"audio_features","2W6GKlccOKtTfU1pkg3U6g","spotify:track:2W6GKlccOKtTfU1pkg3U6g","https://api.spotify.com/v1/tracks/2W6GKlccOKtTfU1pkg3U6g","https://api.spotify.com/v1/audio-analysis/2W6GKlccOKtTfU1pkg3U6g",188147,4,"Paranoia","Hope Hahn"
"34",0.518,0.496,10,-11.607,1,0.0292,0.41,0.1,0.0999,0.281,143.921,"audio_features","190IqlryWu91WBKeDgZqZz","spotify:track:190IqlryWu91WBKeDgZqZz","https://api.spotify.com/v1/tracks/190IqlryWu91WBKeDgZqZz","https://api.spotify.com/v1/audio-analysis/190IqlryWu91WBKeDgZqZz",170893,4,"Only in My Dreams","Hope Hahn"
"35",0.659,0.696,8,-7.606,1,0.0289,0.247,7.83e-06,0.105,0.715,107.085,"audio_features","30fQvBnDR8jLdN0SFcsFos","spotify:track:30fQvBnDR8jLdN0SFcsFos","https://api.spotify.com/v1/tracks/30fQvBnDR8jLdN0SFcsFos","https://api.spotify.com/v1/audio-analysis/30fQvBnDR8jLdN0SFcsFos",272080,4,"The Start of Something","Hope Hahn"
"36",0.453,0.977,1,-4.041,0,0.102,0.00314,0.000494,0.106,0.673,170.058,"audio_features","4SjbThOBAifCj4cBAI12T1","spotify:track:4SjbThOBAifCj4cBAI12T1","https://api.spotify.com/v1/tracks/4SjbThOBAifCj4cBAI12T1","https://api.spotify.com/v1/audio-analysis/4SjbThOBAifCj4cBAI12T1",249360,4,"Song for Dan Treacy","Hope Hahn"
"37",0.767,0.447,0,-12.049,1,0.0607,0.51,0.011,0.138,0.725,95.032,"audio_features","1s8NdAvVPL7MveFNADDkNj","spotify:track:1s8NdAvVPL7MveFNADDkNj","https://api.spotify.com/v1/tracks/1s8NdAvVPL7MveFNADDkNj","https://api.spotify.com/v1/audio-analysis/1s8NdAvVPL7MveFNADDkNj",217058,4,"The Keys","Hope Hahn"
"38",0.559,0.473,5,-7.712,1,0.0279,0.446,0.00141,0.154,0.397,121.227,"audio_features","4IRHwIZHzlHT1FQpRa5RdE","spotify:track:4IRHwIZHzlHT1FQpRa5RdE","https://api.spotify.com/v1/tracks/4IRHwIZHzlHT1FQpRa5RdE","https://api.spotify.com/v1/audio-analysis/4IRHwIZHzlHT1FQpRa5RdE",192827,4,"Goodbye Yellow Brick Road - Remastered 2014","Hope Hahn"
"39",0.394,0.906,5,-4.611,0,0.0602,2.99e-05,0.345,0.318,0.255,140.042,"audio_features","6e7LEf6iDAkshuWbpnqcKN","spotify:track:6e7LEf6iDAkshuWbpnqcKN","https://api.spotify.com/v1/tracks/6e7LEf6iDAkshuWbpnqcKN","https://api.spotify.com/v1/audio-analysis/6e7LEf6iDAkshuWbpnqcKN",207453,4,"Hymn For A Droid","Hope Hahn"
"40",0.337,0.419,10,-12.212,0,0.0297,0.755,3.43e-05,0.156,0.492,92.815,"audio_features","62KZRwymXq9Rgm8Cm5UCfx","spotify:track:62KZRwymXq9Rgm8Cm5UCfx","https://api.spotify.com/v1/tracks/62KZRwymXq9Rgm8Cm5UCfx","https://api.spotify.com/v1/audio-analysis/62KZRwymXq9Rgm8Cm5UCfx",167053,3,"The World We Knew (Over And Over)","Hope Hahn"
"41",0,0.858,3,-5.892,1,0,0.0346,0.000534,0.232,0,0,"audio_features","14TC9zbh5C4K6ey8J2ZCdS","spotify:track:14TC9zbh5C4K6ey8J2ZCdS","https://api.spotify.com/v1/tracks/14TC9zbh5C4K6ey8J2ZCdS","https://api.spotify.com/v1/audio-analysis/14TC9zbh5C4K6ey8J2ZCdS",246987,0,"Flowers Everywhere","Hope Hahn"
"42",0.439,0.987,8,-5.421,1,0.105,3.8e-05,0.16,0.518,0.285,144.958,"audio_features","2LwlK1gkt8lKzXXxkLpfx0","spotify:track:2LwlK1gkt8lKzXXxkLpfx0","https://api.spotify.com/v1/tracks/2LwlK1gkt8lKzXXxkLpfx0","https://api.spotify.com/v1/audio-analysis/2LwlK1gkt8lKzXXxkLpfx0",154784,3,"Sawtooth Monkfish","Hope Hahn"
"43",0.676,0.563,2,-6.966,0,0.079,0.86,0.0182,0.116,0.782,75.524,"audio_features","5IR7Ui6MB7MrFZfF5hsoIH","spotify:track:5IR7Ui6MB7MrFZfF5hsoIH","https://api.spotify.com/v1/tracks/5IR7Ui6MB7MrFZfF5hsoIH","https://api.spotify.com/v1/audio-analysis/5IR7Ui6MB7MrFZfF5hsoIH",276120,4,"Lying Has To Stop - Single Version","Hope Hahn"
"44",0.566,0.412,5,-6.994,1,0.0267,0.681,0.017,0.0741,0.47,81.879,"audio_features","0LO7f7ZJg871B8hLTRzrfB","spotify:track:0LO7f7ZJg871B8hLTRzrfB","https://api.spotify.com/v1/tracks/0LO7f7ZJg871B8hLTRzrfB","https://api.spotify.com/v1/audio-analysis/0LO7f7ZJg871B8hLTRzrfB",190453,4,"Julia","Hope Hahn"
"45",0.826,0.694,7,-7.862,1,0.0315,0.316,0.0285,0.074,0.852,123.932,"audio_features","4T6FWA703h6H7zk1FoSARw","spotify:track:4T6FWA703h6H7zk1FoSARw","https://api.spotify.com/v1/tracks/4T6FWA703h6H7zk1FoSARw","https://api.spotify.com/v1/audio-analysis/4T6FWA703h6H7zk1FoSARw",217427,4,"New Light","Hope Hahn"
"46",0.415,0.702,2,-3.73,1,0.04,0.109,0,0.119,0.68,129.683,"audio_features","1rLlLYMm9CWdmejVAuxP38","spotify:track:1rLlLYMm9CWdmejVAuxP38","https://api.spotify.com/v1/tracks/1rLlLYMm9CWdmejVAuxP38","https://api.spotify.com/v1/audio-analysis/1rLlLYMm9CWdmejVAuxP38",158533,4,"Best Tears","Hope Hahn"
"47",0.515,0.43,7,-9.935,1,0.0372,0.0097,0.000133,0.129,0.104,91.844,"audio_features","70LcF31zb1H0PyJoS1Sx1r","spotify:track:70LcF31zb1H0PyJoS1Sx1r","https://api.spotify.com/v1/tracks/70LcF31zb1H0PyJoS1Sx1r","https://api.spotify.com/v1/audio-analysis/70LcF31zb1H0PyJoS1Sx1r",238640,4,"Creep","Hope Hahn"
"48",0.52,0.709,5,-7.125,0,0.0352,0.247,1.78e-05,0.18,0.536,76.039,"audio_features","6urCAbunOQI4bLhmGpX7iS","spotify:track:6urCAbunOQI4bLhmGpX7iS","https://api.spotify.com/v1/tracks/6urCAbunOQI4bLhmGpX7iS","https://api.spotify.com/v1/audio-analysis/6urCAbunOQI4bLhmGpX7iS",263560,4,"Don't Speak","Hope Hahn"
"49",0.561,0.474,0,-7.815,0,0.0336,0.00395,0.809,0.255,0.149,69.957,"audio_features","1tTi3G0E0FnMLtFUhL61p4","spotify:track:1tTi3G0E0FnMLtFUhL61p4","https://api.spotify.com/v1/tracks/1tTi3G0E0FnMLtFUhL61p4","https://api.spotify.com/v1/audio-analysis/1tTi3G0E0FnMLtFUhL61p4",208286,4,"You and Me","Hope Hahn"
"50",0.845,0.455,3,-9.857,1,0.045,0.0625,6.41e-05,0.108,0.65,105,"audio_features","42LY6qYxu3L6nJ7Dt72gNy","spotify:track:42LY6qYxu3L6nJ7Dt72gNy","https://api.spotify.com/v1/tracks/42LY6qYxu3L6nJ7Dt72gNy","https://api.spotify.com/v1/audio-analysis/42LY6qYxu3L6nJ7Dt72gNy",128000,4,"I hope that you think of me","Hope Hahn"
"51",0.66,0.591,9,-6.343,0,0.0265,0.179,1.86e-06,0.129,0.792,119.568,"audio_features","2x5C1qAOJ1KJFqM6uhOsgT","spotify:track:2x5C1qAOJ1KJFqM6uhOsgT","https://api.spotify.com/v1/tracks/2x5C1qAOJ1KJFqM6uhOsgT","https://api.spotify.com/v1/audio-analysis/2x5C1qAOJ1KJFqM6uhOsgT",279093,4,"Hussy","Hope Hahn"
"52",0.467,0.461,1,-7.94,0,0.0274,0.368,0.00115,0.358,0.188,131.325,"audio_features","51EMSRpNm9Rg5rGViVCczv","spotify:track:51EMSRpNm9Rg5rGViVCczv","https://api.spotify.com/v1/tracks/51EMSRpNm9Rg5rGViVCczv","https://api.spotify.com/v1/audio-analysis/51EMSRpNm9Rg5rGViVCczv",280187,4,"Andromeda","Hope Hahn"
"53",0.431,0.922,0,-5.137,0,0.0769,0.0131,0.423,0.139,0.485,158.5,"audio_features","5UR9y0sdztAYNSnq60YKHo","spotify:track:5UR9y0sdztAYNSnq60YKHo","https://api.spotify.com/v1/tracks/5UR9y0sdztAYNSnq60YKHo","https://api.spotify.com/v1/audio-analysis/5UR9y0sdztAYNSnq60YKHo",239769,4,"Dirty Dreamer (XXX)","Hope Hahn"
"54",0.498,0.869,4,-5.429,1,0.0399,0.01,1.03e-06,0.164,0.962,169.892,"audio_features","6LqJyTXlT3mVsRitpA3pYz","spotify:track:6LqJyTXlT3mVsRitpA3pYz","https://api.spotify.com/v1/tracks/6LqJyTXlT3mVsRitpA3pYz","https://api.spotify.com/v1/audio-analysis/6LqJyTXlT3mVsRitpA3pYz",192758,4,"Judy Byrd","Hope Hahn"
"55",0.466,0.952,4,-4.084,1,0.04,0.00373,0.708,0.163,0.444,96.963,"audio_features","1Erdh1GGJdoOt9AOiseXGm","spotify:track:1Erdh1GGJdoOt9AOiseXGm","https://api.spotify.com/v1/tracks/1Erdh1GGJdoOt9AOiseXGm","https://api.spotify.com/v1/audio-analysis/1Erdh1GGJdoOt9AOiseXGm",190216,4,"1990","Hope Hahn"
"56",0.661,0.739,4,-4.966,1,0.117,0.362,0,0.306,0.681,95.844,"audio_features","13YZn9f8rGCXOx306t6r1I","spotify:track:13YZn9f8rGCXOx306t6r1I","https://api.spotify.com/v1/tracks/13YZn9f8rGCXOx306t6r1I","https://api.spotify.com/v1/audio-analysis/13YZn9f8rGCXOx306t6r1I",148453,4,"Ball of the Dead Rat","Hope Hahn"
"57",0.508,0.792,0,-7.311,0,0.0297,0.229,0.124,0.145,0.601,147.067,"audio_features","7H0ya83CMmgFcOhw0UB6ow","spotify:track:7H0ya83CMmgFcOhw0UB6ow","https://api.spotify.com/v1/tracks/7H0ya83CMmgFcOhw0UB6ow","https://api.spotify.com/v1/audio-analysis/7H0ya83CMmgFcOhw0UB6ow",320467,4,"Space Song","Hope Hahn"
"58",0.811,0.428,7,-10.728,1,0.221,0.0122,0.317,0.344,0.653,80.962,"audio_features","0INtJm8gCJKtNaAYQNVlpZ","spotify:track:0INtJm8gCJKtNaAYQNVlpZ","https://api.spotify.com/v1/tracks/0INtJm8gCJKtNaAYQNVlpZ","https://api.spotify.com/v1/audio-analysis/0INtJm8gCJKtNaAYQNVlpZ",277893,4,"You Don't Love Me (No, No, No) - Extended Mix","Hope Hahn"
"59",0.822,0.332,1,-11.369,1,0.0506,0.834,0,0.11,0.834,110.802,"audio_features","3c06k9x6MHHdPQi3ix68yF","spotify:track:3c06k9x6MHHdPQi3ix68yF","https://api.spotify.com/v1/tracks/3c06k9x6MHHdPQi3ix68yF","https://api.spotify.com/v1/audio-analysis/3c06k9x6MHHdPQi3ix68yF",139093,4,"Daydream","Hope Hahn"
"60",0.516,0.513,2,-10.762,1,0.0288,0.159,0.00957,0.0612,0.694,99.735,"audio_features","6MOEQCtAWNSCmvg3SFKF5y","spotify:track:6MOEQCtAWNSCmvg3SFKF5y","https://api.spotify.com/v1/tracks/6MOEQCtAWNSCmvg3SFKF5y","https://api.spotify.com/v1/audio-analysis/6MOEQCtAWNSCmvg3SFKF5y",293933,4,"Season of the Witch","Hope Hahn"
"61",0.616,0.691,2,-9.833,1,0.0465,0.473,8.01e-06,0.0958,0.858,92.995,"audio_features","5ZtfnXND8dgBljCTwuSunP","spotify:track:5ZtfnXND8dgBljCTwuSunP","https://api.spotify.com/v1/tracks/5ZtfnXND8dgBljCTwuSunP","https://api.spotify.com/v1/audio-analysis/5ZtfnXND8dgBljCTwuSunP",135760,4,"We're Through","Hope Hahn"
"62",0.632,0.531,8,-5.669,1,0.0333,0.249,0,0.346,0.511,95.061,"audio_features","6GS3lnAVy5w6AHWEKYzYeS","spotify:track:6GS3lnAVy5w6AHWEKYzYeS","https://api.spotify.com/v1/tracks/6GS3lnAVy5w6AHWEKYzYeS","https://api.spotify.com/v1/audio-analysis/6GS3lnAVy5w6AHWEKYzYeS",224099,4,"What 2 Do","Hope Hahn"
"63",0.773,0.292,0,-13.62,0,0.0412,0.868,0.0919,0.104,0.508,111.038,"audio_features","3QFxra2jEhDKKUMDmbDXbk","spotify:track:3QFxra2jEhDKKUMDmbDXbk","https://api.spotify.com/v1/tracks/3QFxra2jEhDKKUMDmbDXbk","https://api.spotify.com/v1/audio-analysis/3QFxra2jEhDKKUMDmbDXbk",250500,4,"Escargot Blues","Hope Hahn"
"64",0.569,0.83,9,-4.106,0,0.14,0.0807,0,0.114,0.609,170.094,"audio_features","4bPQs0PHn4xbipzdPfn6du","spotify:track:4bPQs0PHn4xbipzdPfn6du","https://api.spotify.com/v1/tracks/4bPQs0PHn4xbipzdPfn6du","https://api.spotify.com/v1/audio-analysis/4bPQs0PHn4xbipzdPfn6du",186635,4,"I Write Sins Not Tragedies","Hope Hahn"
"65",0.818,0.705,6,-6.679,1,0.177,0.00836,0.00233,0.613,0.772,138.559,"audio_features","0d28khcov6AiegSCpG5TuT","spotify:track:0d28khcov6AiegSCpG5TuT","https://api.spotify.com/v1/tracks/0d28khcov6AiegSCpG5TuT","https://api.spotify.com/v1/audio-analysis/0d28khcov6AiegSCpG5TuT",222640,4,"Feel Good Inc.","Hope Hahn"
"66",0.507,0.088,9,-23.309,1,0.0343,0.51,0,0.0984,0.398,144.226,"audio_features","3hqsBLMAqJqrhr434Z7WlA","spotify:track:3hqsBLMAqJqrhr434Z7WlA","https://api.spotify.com/v1/tracks/3hqsBLMAqJqrhr434Z7WlA","https://api.spotify.com/v1/audio-analysis/3hqsBLMAqJqrhr434Z7WlA",206867,4,"Puff, the Magic Dragon","Hope Hahn"
"67",0,0.802,1,-7.977,1,0,0.00417,0.878,0.603,0,0,"audio_features","6quMGNh47CpSR5kmZSYSTK","spotify:track:6quMGNh47CpSR5kmZSYSTK","https://api.spotify.com/v1/tracks/6quMGNh47CpSR5kmZSYSTK","https://api.spotify.com/v1/audio-analysis/6quMGNh47CpSR5kmZSYSTK",94967,0,"Arrival","Hope Hahn"
"68",0.48,0.542,0,-8.51,1,0.0348,0.345,0.000609,0.113,0.567,152.853,"audio_features","7mjSHL2Eb0kAwiKbvNNyD9","spotify:track:7mjSHL2Eb0kAwiKbvNNyD9","https://api.spotify.com/v1/tracks/7mjSHL2Eb0kAwiKbvNNyD9","https://api.spotify.com/v1/audio-analysis/7mjSHL2Eb0kAwiKbvNNyD9",200560,4,"Wild World","Hope Hahn"
"69",0.9,0.538,7,-7.879,1,0.0343,0.229,0.843,0.287,0.713,95.508,"audio_features","4j4pPKE3xAblPIbhxScC1j","spotify:track:4j4pPKE3xAblPIbhxScC1j","https://api.spotify.com/v1/tracks/4j4pPKE3xAblPIbhxScC1j","https://api.spotify.com/v1/audio-analysis/4j4pPKE3xAblPIbhxScC1j",173693,4,"Rawnald Gregory Erickson the Second","Hope Hahn"
"70",0.566,0.664,4,-5.303,0,0.0464,0.634,0,0.116,0.437,128.945,"audio_features","1CS7Sd1u5tWkstBhpssyjP","spotify:track:1CS7Sd1u5tWkstBhpssyjP","https://api.spotify.com/v1/tracks/1CS7Sd1u5tWkstBhpssyjP","https://api.spotify.com/v1/audio-analysis/1CS7Sd1u5tWkstBhpssyjP",241693,4,"Take Me to Church","Hope Hahn"
"71",0.534,0.725,6,-7.576,0,0.0332,0.188,0,0.0994,0.763,95.003,"audio_features","7DD7eSuYSC5xk2ArU62esN","spotify:track:7DD7eSuYSC5xk2ArU62esN","https://api.spotify.com/v1/tracks/7DD7eSuYSC5xk2ArU62esN","https://api.spotify.com/v1/audio-analysis/7DD7eSuYSC5xk2ArU62esN",139560,4,"Help! - Remastered 2009","Hope Hahn"
"72",0.497,0.805,5,-9.089,0,0.0463,0.0183,0,0.0918,0.479,75.251,"audio_features","7EmsauPLjAy9XMNELaHBZa","spotify:track:7EmsauPLjAy9XMNELaHBZa","https://api.spotify.com/v1/tracks/7EmsauPLjAy9XMNELaHBZa","https://api.spotify.com/v1/audio-analysis/7EmsauPLjAy9XMNELaHBZa",167133,4,"Hazy Shade of Winter","Hope Hahn"
"73",0.73,0.54,0,-9.046,0,0.045,0.362,0.00334,0.0419,0.977,109.76,"audio_features","16EKGMPGE3f6X3p18CjtkB","spotify:track:16EKGMPGE3f6X3p18CjtkB","https://api.spotify.com/v1/tracks/16EKGMPGE3f6X3p18CjtkB","https://api.spotify.com/v1/audio-analysis/16EKGMPGE3f6X3p18CjtkB",118933,4,"The Thing","Hope Hahn"
"74",0.624,0.676,0,-8.134,1,0.0291,0.235,0.00301,0.0957,0.377,128.537,"audio_features","54aFuAQ048II4Trz9ZwhLP","spotify:track:54aFuAQ048II4Trz9ZwhLP","https://api.spotify.com/v1/tracks/54aFuAQ048II4Trz9ZwhLP","https://api.spotify.com/v1/audio-analysis/54aFuAQ048II4Trz9ZwhLP",101467,4,"Zürich Is Stained","Hope Hahn"
"75",0.35,0.775,11,-3.364,1,0.054,0.00433,0.283,0.0676,0.588,199.866,"audio_features","6u0x5ad9ewHvs3z6u9Oe3c","spotify:track:6u0x5ad9ewHvs3z6u9Oe3c","https://api.spotify.com/v1/tracks/6u0x5ad9ewHvs3z6u9Oe3c","https://api.spotify.com/v1/audio-analysis/6u0x5ad9ewHvs3z6u9Oe3c",235547,4,"Under Cover of Darkness","Hope Hahn"
"76",0.489,0.649,9,-5.11,1,0.0336,0.000603,0.713,0.101,0.77,158.009,"audio_features","57Xjny5yNzAcsxnusKmAfA","spotify:track:57Xjny5yNzAcsxnusKmAfA","https://api.spotify.com/v1/tracks/57Xjny5yNzAcsxnusKmAfA","https://api.spotify.com/v1/audio-analysis/57Xjny5yNzAcsxnusKmAfA",219827,4,"Reptilia","Hope Hahn"
"77",0.587,0.869,10,-5.304,0,0.0318,0.00938,0,0.132,0.734,113.77,"audio_features","5uB3cnt54x4akRQHVKVy3Z","spotify:track:5uB3cnt54x4akRQHVKVy3Z","https://api.spotify.com/v1/tracks/5uB3cnt54x4akRQHVKVy3Z","https://api.spotify.com/v1/audio-analysis/5uB3cnt54x4akRQHVKVy3Z",309387,4,"Instant Crush - Unpeeled","Hope Hahn"
"78",0.483,0.753,1,-8.937,0,0.0832,0.425,0.000142,0.257,0.42,115.102,"audio_features","15VRO9CQwMpbqUYA7e6Hwg","spotify:track:15VRO9CQwMpbqUYA7e6Hwg","https://api.spotify.com/v1/tracks/15VRO9CQwMpbqUYA7e6Hwg","https://api.spotify.com/v1/audio-analysis/15VRO9CQwMpbqUYA7e6Hwg",261093,4,"The Man Who Sold The World - Live","Hope Hahn"
"79",0.597,0.486,8,-5.893,1,0.0986,0.331,0,0.14,0.397,137.68,"audio_features","2IgbYlOlFpiSFYnsqB39lM","spotify:track:2IgbYlOlFpiSFYnsqB39lM","https://api.spotify.com/v1/tracks/2IgbYlOlFpiSFYnsqB39lM","https://api.spotify.com/v1/audio-analysis/2IgbYlOlFpiSFYnsqB39lM",201511,4,"Jasmine","Hope Hahn"
"80",0.661,0.618,6,-5.023,1,0.167,0.371,0.000222,0.114,0.523,75.029,"audio_features","3soKdLpgZNCtYLRsnwxwfB","spotify:track:3soKdLpgZNCtYLRsnwxwfB","https://api.spotify.com/v1/tracks/3soKdLpgZNCtYLRsnwxwfB","https://api.spotify.com/v1/audio-analysis/3soKdLpgZNCtYLRsnwxwfB",170023,4,"Trigger Of Love","Hope Hahn"
"81",0.568,0.829,7,-7.066,1,0.0303,0.218,0.00418,0.0976,0.79,124.201,"audio_features","0cOf4csnt4DeXSkFmBjULw","spotify:track:0cOf4csnt4DeXSkFmBjULw","https://api.spotify.com/v1/tracks/0cOf4csnt4DeXSkFmBjULw","https://api.spotify.com/v1/audio-analysis/0cOf4csnt4DeXSkFmBjULw",348293,4,"The Killing Moon","Hope Hahn"
"82",0.42,0.558,9,-5.728,1,0.0509,0.167,0,0.19,0.538,165.987,"audio_features","4zV3Og5KgrNyZEhzrZzwuk","spotify:track:4zV3Og5KgrNyZEhzrZzwuk","https://api.spotify.com/v1/tracks/4zV3Og5KgrNyZEhzrZzwuk","https://api.spotify.com/v1/audio-analysis/4zV3Og5KgrNyZEhzrZzwuk",170576,4,"Too Close","Hope Hahn"
"83",0.855,0.58,5,-6.951,1,0.141,0.234,0,0.0965,0.518,96.998,"audio_features","1pz24zu5H9A0S1a2NKT4F0","spotify:track:1pz24zu5H9A0S1a2NKT4F0","https://api.spotify.com/v1/tracks/1pz24zu5H9A0S1a2NKT4F0","https://api.spotify.com/v1/audio-analysis/1pz24zu5H9A0S1a2NKT4F0",219391,4,"SoulMate (feat. IU)","Hope Hahn"
"84",0.547,0.878,6,-2.424,0,0.347,0.0515,0,0.0934,0.713,180.414,"audio_features","18f8oHsh7Kg5f92V5rYw1i","spotify:track:18f8oHsh7Kg5f92V5rYw1i","https://api.spotify.com/v1/tracks/18f8oHsh7Kg5f92V5rYw1i","https://api.spotify.com/v1/audio-analysis/18f8oHsh7Kg5f92V5rYw1i",455693,4,"Acrobat","Hope Hahn"
"85",0.722,0.915,2,-2.506,1,0.173,0.392,1.45e-06,0.114,0.748,137.989,"audio_features","5lCmjWsUj5khGm16MUhsWS","spotify:track:5lCmjWsUj5khGm16MUhsWS","https://api.spotify.com/v1/tracks/5lCmjWsUj5khGm16MUhsWS","https://api.spotify.com/v1/audio-analysis/5lCmjWsUj5khGm16MUhsWS",184373,4,"I did it (Feat. Crush)","Hope Hahn"
"86",0.724,0.811,3,-4.258,0,0.0983,0.155,0.0468,0.0921,0.863,97.025,"audio_features","5xNpOm8Dn0utyeFaW1FJqe","spotify:track:5xNpOm8Dn0utyeFaW1FJqe","https://api.spotify.com/v1/tracks/5xNpOm8Dn0utyeFaW1FJqe","https://api.spotify.com/v1/audio-analysis/5xNpOm8Dn0utyeFaW1FJqe",240309,4,"How can i forget you girl","Hope Hahn"
"87",0.734,0.852,2,-3.85,1,0.0916,0.0401,0,0.196,0.787,98.504,"audio_features","0Yz3F0UGDibDe8uU69zmjn","spotify:track:0Yz3F0UGDibDe8uU69zmjn","https://api.spotify.com/v1/tracks/0Yz3F0UGDibDe8uU69zmjn","https://api.spotify.com/v1/audio-analysis/0Yz3F0UGDibDe8uU69zmjn",226128,4,"And July","Hope Hahn"
"88",0.756,0.672,9,-5.711,0,0.0373,0.252,0.000341,0.117,0.327,113.975,"audio_features","39382sUtIOwIXftX0i76do","spotify:track:39382sUtIOwIXftX0i76do","https://api.spotify.com/v1/tracks/39382sUtIOwIXftX0i76do","https://api.spotify.com/v1/audio-analysis/39382sUtIOwIXftX0i76do",204453,4,"H.S.K.T. (feat. Wonstein)","Hope Hahn"
"89",0.52,0.852,0,-5.866,1,0.0543,0.00237,5.79e-05,0.0733,0.234,140.267,"audio_features","58ge6dfP91o9oXMzq3XkIS","spotify:track:58ge6dfP91o9oXMzq3XkIS","https://api.spotify.com/v1/tracks/58ge6dfP91o9oXMzq3XkIS","https://api.spotify.com/v1/audio-analysis/58ge6dfP91o9oXMzq3XkIS",253587,4,"505","Hope Hahn"
"90",0.84,0.656,6,-5.162,0,0.0401,0.0287,4.38e-06,0.0714,0.783,121.99,"audio_features","4JmbtS0Muijl37KP9lDscy","spotify:track:4JmbtS0Muijl37KP9lDscy","https://api.spotify.com/v1/tracks/4JmbtS0Muijl37KP9lDscy","https://api.spotify.com/v1/audio-analysis/4JmbtS0Muijl37KP9lDscy",193173,4,"Heart Burn","Hope Hahn"
"91",0.545,0.67,9,-8.81,1,0.0496,0.009,0.000822,0.0451,0.481,151.553,"audio_features","5e9TFTbltYBg2xThimr0rU","spotify:track:5e9TFTbltYBg2xThimr0rU","https://api.spotify.com/v1/tracks/5e9TFTbltYBg2xThimr0rU","https://api.spotify.com/v1/audio-analysis/5e9TFTbltYBg2xThimr0rU",270213,4,"The Chain - 2004 Remaster","Hope Hahn"
"92",0.828,0.492,0,-9.744,1,0.0276,0.0644,0.00428,0.128,0.789,120.151,"audio_features","0ofHAoxe9vBkTCp2UQIavz","spotify:track:0ofHAoxe9vBkTCp2UQIavz","https://api.spotify.com/v1/tracks/0ofHAoxe9vBkTCp2UQIavz","https://api.spotify.com/v1/audio-analysis/0ofHAoxe9vBkTCp2UQIavz",257800,4,"Dreams - 2004 Remaster","Hope Hahn"
"93",0.242,0.893,11,-6.497,0,0.0862,1.3e-05,0.349,0.323,0.307,143.286,"audio_features","14EBZ0MygsbOrgolHHWdRz","spotify:track:14EBZ0MygsbOrgolHHWdRz","https://api.spotify.com/v1/tracks/14EBZ0MygsbOrgolHHWdRz","https://api.spotify.com/v1/audio-analysis/14EBZ0MygsbOrgolHHWdRz",206987,4,"You and I","Hope Hahn"
"94",0.623,0.681,4,-6.813,0,0.0259,0.0335,0.00312,0.488,0.714,108.048,"audio_features","5SZ7gI7gkuXYQH14Nz8mdP","spotify:track:5SZ7gI7gkuXYQH14Nz8mdP","https://api.spotify.com/v1/tracks/5SZ7gI7gkuXYQH14Nz8mdP","https://api.spotify.com/v1/audio-analysis/5SZ7gI7gkuXYQH14Nz8mdP",197830,4,"Twin","Hope Hahn"
"95",0.611,0.63,9,-4.419,0,0.363,0.566,0,0.237,0.66,65.619,"audio_features","5MvxeZPiiLAuB5gI8k3ynk","spotify:track:5MvxeZPiiLAuB5gI8k3ynk","https://api.spotify.com/v1/tracks/5MvxeZPiiLAuB5gI8k3ynk","https://api.spotify.com/v1/audio-analysis/5MvxeZPiiLAuB5gI8k3ynk",195230,4,"Can't Love You Anymore (With OHHYUK)","Hope Hahn"
"96",0.495,0.67,7,-5.918,1,0.0284,0.047,2.52e-05,0.219,0.478,112.443,"audio_features","77qBwefBIdzymXNCuAI8YX","spotify:track:77qBwefBIdzymXNCuAI8YX","https://api.spotify.com/v1/tracks/77qBwefBIdzymXNCuAI8YX","https://api.spotify.com/v1/audio-analysis/77qBwefBIdzymXNCuAI8YX",178933,4,"San Francisco (Be Sure to Wear Some Flowers In Your Hair)","Hope Hahn"
"97",0.584,0.681,10,-7.587,1,0.109,0.151,0,0.114,0.9,169.897,"audio_features","7JNR1RWQ5aAgLVcPPmHuqA","spotify:track:7JNR1RWQ5aAgLVcPPmHuqA","https://api.spotify.com/v1/tracks/7JNR1RWQ5aAgLVcPPmHuqA","https://api.spotify.com/v1/audio-analysis/7JNR1RWQ5aAgLVcPPmHuqA",114427,4,"(Till I) Run With You","Hope Hahn"
"98",0.507,0.537,7,-10.732,1,0.0314,0.0402,1.88e-06,0.181,0.836,127.437,"audio_features","5l547qhRU2DTC49o3UNZnf","spotify:track:5l547qhRU2DTC49o3UNZnf","https://api.spotify.com/v1/tracks/5l547qhRU2DTC49o3UNZnf","https://api.spotify.com/v1/audio-analysis/5l547qhRU2DTC49o3UNZnf",202440,4,"Out Of Time - Strings Version","Hope Hahn"
"99",0.678,0.727,2,-7.844,0,0.0258,0.117,0.00396,0.354,0.71,133.481,"audio_features","4euAGZTszWPrriggYK0HG9","spotify:track:4euAGZTszWPrriggYK0HG9","https://api.spotify.com/v1/tracks/4euAGZTszWPrriggYK0HG9","https://api.spotify.com/v1/audio-analysis/4euAGZTszWPrriggYK0HG9",274467,4,"Lay All Your Love On Me","Hope Hahn"
"100",0.403,0.422,7,-13.964,0,0.0373,0.134,2.05e-05,0.0861,0.378,122.728,"audio_features","3FAclTFfvUuQYnEsptbK8w","spotify:track:3FAclTFfvUuQYnEsptbK8w","https://api.spotify.com/v1/tracks/3FAclTFfvUuQYnEsptbK8w","https://api.spotify.com/v1/audio-analysis/3FAclTFfvUuQYnEsptbK8w",241293,4,"Back To Black","Hope Hahn"
"101",0.514,0.825,5,-6.65,1,0.0305,0.00254,0.000474,0.214,0.779,117.964,"audio_features","2QrfU81khdENzp0NcE47q1","spotify:track:2QrfU81khdENzp0NcE47q1","https://api.spotify.com/v1/tracks/2QrfU81khdENzp0NcE47q1","https://api.spotify.com/v1/audio-analysis/2QrfU81khdENzp0NcE47q1",185445,4,"The Bourne Identity","Hope Hahn"
"102",0.538,0.607,1,-9.133,0,0.0352,0.0586,0.769,0.0975,0.543,100.158,"audio_features","61OkcfgMfjlJQ7MJPU0HLz","spotify:track:61OkcfgMfjlJQ7MJPU0HLz","https://api.spotify.com/v1/tracks/61OkcfgMfjlJQ7MJPU0HLz","https://api.spotify.com/v1/audio-analysis/61OkcfgMfjlJQ7MJPU0HLz",283493,4,"Dance Little Liar","Hope Hahn"
"103",0.481,0.524,4,-9.051,1,0.0369,0.155,0.000147,0.0523,0.425,101.883,"audio_features","4bKpnMKt2vBOQ1wZHGEJJO","spotify:track:4bKpnMKt2vBOQ1wZHGEJJO","https://api.spotify.com/v1/tracks/4bKpnMKt2vBOQ1wZHGEJJO","https://api.spotify.com/v1/audio-analysis/4bKpnMKt2vBOQ1wZHGEJJO",197320,4,"No Buses","Hope Hahn"
"104",0.415,0.657,9,-6.758,0,0.0295,0.052,0.0552,0.233,0.69,115.752,"audio_features","0IiQ3gvsK7OTYoDvBUKukm","spotify:track:0IiQ3gvsK7OTYoDvBUKukm","https://api.spotify.com/v1/tracks/0IiQ3gvsK7OTYoDvBUKukm","https://api.spotify.com/v1/audio-analysis/0IiQ3gvsK7OTYoDvBUKukm",205747,4,"My Propeller","Hope Hahn"
"105",0.216,0.882,11,-5.176,0,0.0439,0.00147,0,0.308,0.656,189.286,"audio_features","7gsArdm7rk6X6wsMr2QKWS","spotify:track:7gsArdm7rk6X6wsMr2QKWS","https://api.spotify.com/v1/tracks/7gsArdm7rk6X6wsMr2QKWS","https://api.spotify.com/v1/audio-analysis/7gsArdm7rk6X6wsMr2QKWS",193427,4,"From The Ritz To The Rubble","Hope Hahn"
"106",0.316,0.306,2,-13.322,1,0.0411,0.676,0.0025,0.0809,0.284,85.255,"audio_features","4GJKUGqq1qdqQCl3uWv6Sn","spotify:track:4GJKUGqq1qdqQCl3uWv6Sn","https://api.spotify.com/v1/tracks/4GJKUGqq1qdqQCl3uWv6Sn","https://api.spotify.com/v1/audio-analysis/4GJKUGqq1qdqQCl3uWv6Sn",202853,4,"Despair In The Departure Lounge","Hope Hahn"
"107",0.663,0.839,0,-4.453,1,0.0695,0.000185,4.65e-06,0.0808,0.75,135.155,"audio_features","3BcQFPRZuuUClWStz29WjN","spotify:track:3BcQFPRZuuUClWStz29WjN","https://api.spotify.com/v1/tracks/3BcQFPRZuuUClWStz29WjN","https://api.spotify.com/v1/audio-analysis/3BcQFPRZuuUClWStz29WjN",187133,4,"Old Yellow Bricks","Hope Hahn"
"108",0.634,0.599,2,-5.447,1,0.0365,0.0288,0,0.197,0.312,112.215,"audio_features","3geFzA6VBSNZUTmV3bCry6","spotify:track:3geFzA6VBSNZUTmV3bCry6","https://api.spotify.com/v1/tracks/3geFzA6VBSNZUTmV3bCry6","https://api.spotify.com/v1/audio-analysis/3geFzA6VBSNZUTmV3bCry6",175440,4,"Mardy Bum","Hope Hahn"
"109",0.323,0.806,7,-6.554,0,0.0769,0.0314,1.11e-05,0.181,0.548,124.615,"audio_features","7IUBw7EUgcjzGV6zv9fkLX","spotify:track:7IUBw7EUgcjzGV6zv9fkLX","https://api.spotify.com/v1/tracks/7IUBw7EUgcjzGV6zv9fkLX","https://api.spotify.com/v1/audio-analysis/7IUBw7EUgcjzGV6zv9fkLX",223067,4,"Secret Door","Hope Hahn"
"110",0.646,0.813,6,-5.29,0,0.0288,0.00178,2.26e-05,0.144,0.821,112.115,"audio_features","7e8utCy2JlSB8dRHKi49xM","spotify:track:7e8utCy2JlSB8dRHKi49xM","https://api.spotify.com/v1/tracks/7e8utCy2JlSB8dRHKi49xM","https://api.spotify.com/v1/audio-analysis/7e8utCy2JlSB8dRHKi49xM",173493,4,"Fluorescent Adolescent","Hope Hahn"
"111",0.535,0.948,6,-4.19,0,0.0356,0.00225,0,0.376,0.778,103.183,"audio_features","29EkMZmUNz1WsuzaMtVo1i","spotify:track:29EkMZmUNz1WsuzaMtVo1i","https://api.spotify.com/v1/tracks/29EkMZmUNz1WsuzaMtVo1i","https://api.spotify.com/v1/audio-analysis/29EkMZmUNz1WsuzaMtVo1i",173680,4,"I Bet You Look Good On The Dancefloor","Hope Hahn"
"112",0.348,0.875,11,-4.758,0,0.199,0.0341,0,0.117,0.407,169.152,"audio_features","0ZRrJTPXDToRJ2iLo9oLrW","spotify:track:0ZRrJTPXDToRJ2iLo9oLrW","https://api.spotify.com/v1/tracks/0ZRrJTPXDToRJ2iLo9oLrW","https://api.spotify.com/v1/audio-analysis/0ZRrJTPXDToRJ2iLo9oLrW",202133,4,"When The Sun Goes Down","Hope Hahn"
"113",0.244,0.896,6,-5.576,0,0.464,0.0614,2.83e-05,0.127,0.142,83.354,"audio_features","3oWnxFT2m7atFLTXXFJppc","spotify:track:3oWnxFT2m7atFLTXXFJppc","https://api.spotify.com/v1/tracks/3oWnxFT2m7atFLTXXFJppc","https://api.spotify.com/v1/audio-analysis/3oWnxFT2m7atFLTXXFJppc",220507,4,"Pretty Visitors","Hope Hahn"
"114",0.549,0.807,7,-4.816,1,0.0386,0.00533,0.4,0.103,0.747,175.803,"audio_features","0Ygqbr8k7lp9VQpmRWVkzY","spotify:track:0Ygqbr8k7lp9VQpmRWVkzY","https://api.spotify.com/v1/tracks/0Ygqbr8k7lp9VQpmRWVkzY","https://api.spotify.com/v1/audio-analysis/0Ygqbr8k7lp9VQpmRWVkzY",189656,4,"Bichulae (feat. Luli Lee)","Hope Hahn"
"115",0.614,0.568,7,-5.477,0,0.0276,0.00797,0,0.0997,0.516,107.849,"audio_features","3YuaBvuZqcwN3CEAyyoaei","spotify:track:3YuaBvuZqcwN3CEAyyoaei","https://api.spotify.com/v1/tracks/3YuaBvuZqcwN3CEAyyoaei","https://api.spotify.com/v1/audio-analysis/3YuaBvuZqcwN3CEAyyoaei",293960,4,"Like a Stone","Hope Hahn"
"116",0.622,0.471,9,-7.105,1,0.0277,0.0448,0,0.0957,0.278,124.455,"audio_features","5S5u0EWtlblH00iTNExZ6X","spotify:track:5S5u0EWtlblH00iTNExZ6X","https://api.spotify.com/v1/tracks/5S5u0EWtlblH00iTNExZ6X","https://api.spotify.com/v1/audio-analysis/5S5u0EWtlblH00iTNExZ6X",278293,4,"I Think I Like When It Rains","Hope Hahn"
"117",0.363,0.499,5,-10.099,0,0.0335,0.00163,0.522,0.123,0.532,137.804,"audio_features","2TeYAizye4GlmzQq5zyf91","spotify:track:2TeYAizye4GlmzQq5zyf91","https://api.spotify.com/v1/tracks/2TeYAizye4GlmzQq5zyf91","https://api.spotify.com/v1/audio-analysis/2TeYAizye4GlmzQq5zyf91",284770,4,"The Physical Attractions","Hope Hahn"
"118",0.667,0.73,5,-8.411,1,0.0457,0.137,0.911,0.0706,0.375,165.834,"audio_features","6LwYUSaVJLdTwrziHEUSxM","spotify:track:6LwYUSaVJLdTwrziHEUSxM","https://api.spotify.com/v1/tracks/6LwYUSaVJLdTwrziHEUSxM","https://api.spotify.com/v1/audio-analysis/6LwYUSaVJLdTwrziHEUSxM",174000,4,"Japan","Hope Hahn"
"119",0.519,0.666,8,-7.576,1,0.0318,0.0108,0.000623,0.0781,0.603,139.94,"audio_features","7xLfmCx9jcZNgzlIK7NupN","spotify:track:7xLfmCx9jcZNgzlIK7NupN","https://api.spotify.com/v1/tracks/7xLfmCx9jcZNgzlIK7NupN","https://api.spotify.com/v1/audio-analysis/7xLfmCx9jcZNgzlIK7NupN",205714,4,"Stress Relief","Hope Hahn"
"120",0.639,0.893,9,-6.509,1,0.036,0.289,0.00816,0.222,0.966,126.143,"audio_features","5jkFvD4UJrmdoezzT1FRoP","spotify:track:5jkFvD4UJrmdoezzT1FRoP","https://api.spotify.com/v1/tracks/5jkFvD4UJrmdoezzT1FRoP","https://api.spotify.com/v1/audio-analysis/5jkFvD4UJrmdoezzT1FRoP",351573,4,"Rasputin","Hope Hahn"
"121",0.686,0.621,11,-7.243,1,0.187,0.0656,0.000221,0.139,0.187,112.082,"audio_features","1tm7c4V0kqLiN0XPVnoUcT","spotify:track:1tm7c4V0kqLiN0XPVnoUcT","https://api.spotify.com/v1/tracks/1tm7c4V0kqLiN0XPVnoUcT","https://api.spotify.com/v1/audio-analysis/1tm7c4V0kqLiN0XPVnoUcT",205766,4,"Runnin' Thru the 7th with My Woadies","Hope Hahn"
"122",0.849,0.648,7,-6.188,1,0.0835,0.0706,0.00636,0.0984,0.195,106.058,"audio_features","6tO5bxNnMuh1c3cziSpecA","spotify:track:6tO5bxNnMuh1c3cziSpecA","https://api.spotify.com/v1/tracks/6tO5bxNnMuh1c3cziSpecA","https://api.spotify.com/v1/audio-analysis/6tO5bxNnMuh1c3cziSpecA",111020,4,"Paris","Hope Hahn"
"123",0.753,0.68,5,-7.092,0,0.0349,0.326,4.15e-05,0.423,0.192,105.977,"audio_features","0kEZlJh4mK1QRfb3CT5LPk","spotify:track:0kEZlJh4mK1QRfb3CT5LPk","https://api.spotify.com/v1/tracks/0kEZlJh4mK1QRfb3CT5LPk","https://api.spotify.com/v1/audio-analysis/0kEZlJh4mK1QRfb3CT5LPk",145078,4,"Kill Yourself (Part III)","Hope Hahn"
"124",0.653,0.524,11,-9.016,0,0.0502,0.112,0,0.203,0.553,83.97,"audio_features","6tDDoYIxWvMLTdKpjFkc1B","spotify:track:6tDDoYIxWvMLTdKpjFkc1B","https://api.spotify.com/v1/tracks/6tDDoYIxWvMLTdKpjFkc1B","https://api.spotify.com/v1/audio-analysis/6tDDoYIxWvMLTdKpjFkc1B",160191,4,"telepatía","Hope Hahn"
"125",0.695,0.402,6,-9.456,1,0.0624,0.18,0.933,0.354,0.945,185.215,"audio_features","1zuPrkzdagicHTMC78LejJ","spotify:track:1zuPrkzdagicHTMC78LejJ","https://api.spotify.com/v1/tracks/1zuPrkzdagicHTMC78LejJ","https://api.spotify.com/v1/audio-analysis/1zuPrkzdagicHTMC78LejJ",130800,4,"Arrow Root","Hope Hahn"
"126",0.648,0.59,2,-9.664,1,0.0942,0.697,0.808,0.111,0.401,81.045,"audio_features","7eWGnKg4B44sbBPpQp4y2c","spotify:track:7eWGnKg4B44sbBPpQp4y2c","https://api.spotify.com/v1/tracks/7eWGnKg4B44sbBPpQp4y2c","https://api.spotify.com/v1/audio-analysis/7eWGnKg4B44sbBPpQp4y2c",181922,4,"Dragonball Durag","Hope Hahn"
"127",0.377,0.558,4,-9.076,1,0.0299,0.0789,0.000342,0.125,0.267,149.971,"audio_features","3L3G4XFQqtFe9a3azMacZ5","spotify:track:3L3G4XFQqtFe9a3azMacZ5","https://api.spotify.com/v1/tracks/3L3G4XFQqtFe9a3azMacZ5","https://api.spotify.com/v1/audio-analysis/3L3G4XFQqtFe9a3azMacZ5",214800,3,"Good Looking","Hope Hahn"
"128",0.77,0.539,4,-7.705,0,0.297,0.674,1.09e-06,0.158,0.39,84.977,"audio_features","5aJOyuvqhcCRpaUCubwXk9","spotify:track:5aJOyuvqhcCRpaUCubwXk9","https://api.spotify.com/v1/tracks/5aJOyuvqhcCRpaUCubwXk9","https://api.spotify.com/v1/audio-analysis/5aJOyuvqhcCRpaUCubwXk9",192000,4,"The Ballad of Eddie Jabuley","Hope Hahn"
"129",0.6,0.505,4,-7.887,1,0.0346,0.306,0.818,0.0826,0.584,120.023,"audio_features","1CPoZksD5MBtt1bUr1de35","spotify:track:1CPoZksD5MBtt1bUr1de35","https://api.spotify.com/v1/tracks/1CPoZksD5MBtt1bUr1de35","https://api.spotify.com/v1/audio-analysis/1CPoZksD5MBtt1bUr1de35",172133,4,"painty paint pots","Hope Hahn"
"130",0.485,0.409,9,-10.711,0,0.101,0.325,0,0.103,0.376,138.419,"audio_features","3hxIUxnT27p5WcmjGUXNwx","spotify:track:3hxIUxnT27p5WcmjGUXNwx","https://api.spotify.com/v1/tracks/3hxIUxnT27p5WcmjGUXNwx","https://api.spotify.com/v1/audio-analysis/3hxIUxnT27p5WcmjGUXNwx",164571,4,"Shut up My Moms Calling","Hope Hahn"
"131",0.723,0.615,9,-7.287,0,0.059,0.849,0.883,0.108,0.614,119.247,"audio_features","3KhPLLQjXodVQU9FoIlCUh","spotify:track:3KhPLLQjXodVQU9FoIlCUh","https://api.spotify.com/v1/tracks/3KhPLLQjXodVQU9FoIlCUh","https://api.spotify.com/v1/audio-analysis/3KhPLLQjXodVQU9FoIlCUh",155855,4,"Le château","Hope Hahn"
"132",0.503,0.72,11,-12.002,0,0.13,0.00402,0.391,0.112,0.943,93.94,"audio_features","7cOmsSyGKpGLdsDdsgALCY","spotify:track:7cOmsSyGKpGLdsDdsgALCY","https://api.spotify.com/v1/tracks/7cOmsSyGKpGLdsDdsgALCY","https://api.spotify.com/v1/audio-analysis/7cOmsSyGKpGLdsDdsgALCY",142979,4,"Meow","Hope Hahn"
"133",0.528,0.56,2,-6.3,1,0.0295,0.447,0.00904,0.0945,0.475,105.102,"audio_features","7IBI2S33PMaIM9pARvpIJY","spotify:track:7IBI2S33PMaIM9pARvpIJY","https://api.spotify.com/v1/tracks/7IBI2S33PMaIM9pARvpIJY","https://api.spotify.com/v1/audio-analysis/7IBI2S33PMaIM9pARvpIJY",201870,4,"Silver Into Rain","Hope Hahn"
"134",0.682,0.561,7,-7.489,0,0.0263,0.431,0.00201,0.224,0.466,102.472,"audio_features","2vzDhuVvlF2ezj27pemu7F","spotify:track:2vzDhuVvlF2ezj27pemu7F","https://api.spotify.com/v1/tracks/2vzDhuVvlF2ezj27pemu7F","https://api.spotify.com/v1/audio-analysis/2vzDhuVvlF2ezj27pemu7F",203375,4,"Eleven","Hope Hahn"
"135",0.74,0.544,2,-12.847,1,0.0335,0.375,0.00961,0.0967,0.45,100.979,"audio_features","58ZHuSI9SWvWU66n43kafK","spotify:track:58ZHuSI9SWvWU66n43kafK","https://api.spotify.com/v1/tracks/58ZHuSI9SWvWU66n43kafK","https://api.spotify.com/v1/audio-analysis/58ZHuSI9SWvWU66n43kafK",266139,4,"Softly Spoken","Hope Hahn"
"136",0.568,0.337,4,-11.004,1,0.0277,0.937,0.408,0.113,0.312,84.973,"audio_features","3pqSUnc3Inyyw9DOCcCrOC","spotify:track:3pqSUnc3Inyyw9DOCcCrOC","https://api.spotify.com/v1/tracks/3pqSUnc3Inyyw9DOCcCrOC","https://api.spotify.com/v1/audio-analysis/3pqSUnc3Inyyw9DOCcCrOC",170000,4,"Slowtime","Hope Hahn"
"137",0.722,0.514,1,-5.709,0,0.0487,0.624,0,0.3,0.59,129.997,"audio_features","5YAO57ujV1cs5eubzyOL1E","spotify:track:5YAO57ujV1cs5eubzyOL1E","https://api.spotify.com/v1/tracks/5YAO57ujV1cs5eubzyOL1E","https://api.spotify.com/v1/audio-analysis/5YAO57ujV1cs5eubzyOL1E",210853,4,"긴 밤 (feat. GIRIBOY)","Hope Hahn"
"138",0.733,0.912,10,-3.506,1,0.0304,0.0103,0,0.199,0.668,126.95,"audio_features","3XLWCoZubMt1WPp7TmSNAP","spotify:track:3XLWCoZubMt1WPp7TmSNAP","https://api.spotify.com/v1/tracks/3XLWCoZubMt1WPp7TmSNAP","https://api.spotify.com/v1/audio-analysis/3XLWCoZubMt1WPp7TmSNAP",202606,4,"Home Alone","Hope Hahn"
"139",0.644,0.609,9,-4.498,1,0.0379,0.191,4.32e-05,0.0714,0.65,128.01,"audio_features","4nXbMeiYZCMxl2B7NvxLdR","spotify:track:4nXbMeiYZCMxl2B7NvxLdR","https://api.spotify.com/v1/tracks/4nXbMeiYZCMxl2B7NvxLdR","https://api.spotify.com/v1/audio-analysis/4nXbMeiYZCMxl2B7NvxLdR",258421,4,"A Long Dream","Hope Hahn"
"140",0.659,0.842,6,-2.388,1,0.0275,0.114,3.01e-06,0.107,0.18,102.92,"audio_features","1KQrnUtKigVAtDZc6M7UsM","spotify:track:1KQrnUtKigVAtDZc6M7UsM","https://api.spotify.com/v1/tracks/1KQrnUtKigVAtDZc6M7UsM","https://api.spotify.com/v1/audio-analysis/1KQrnUtKigVAtDZc6M7UsM",257452,4,"Thanks to","Hope Hahn"
"141",0.414,0.889,11,-9.578,1,0.0567,0.000109,4.25e-06,0.0705,0.512,100.243,"audio_features","6D60SYI1Jk4V023qpJa4oi","spotify:track:6D60SYI1Jk4V023qpJa4oi","https://api.spotify.com/v1/tracks/6D60SYI1Jk4V023qpJa4oi","https://api.spotify.com/v1/audio-analysis/6D60SYI1Jk4V023qpJa4oi",170667,4,"Goth Babe","Hope Hahn"
"142",0.311,0.783,0,-3.436,1,0.0407,0.0384,0.884,0.483,0.823,182.83,"audio_features","2BHD7g841rwlLFDzItSC7B","spotify:track:2BHD7g841rwlLFDzItSC7B","https://api.spotify.com/v1/tracks/2BHD7g841rwlLFDzItSC7B","https://api.spotify.com/v1/audio-analysis/2BHD7g841rwlLFDzItSC7B",235726,4,"One Summer Night","Hope Hahn"
"143",0.589,0.481,0,-4.801,1,0.0285,0.273,1.33e-05,0.0986,0.176,93.568,"audio_features","0tkBOcK7oRVXQJY97zzSvr","spotify:track:0tkBOcK7oRVXQJY97zzSvr","https://api.spotify.com/v1/tracks/0tkBOcK7oRVXQJY97zzSvr","https://api.spotify.com/v1/audio-analysis/0tkBOcK7oRVXQJY97zzSvr",228293,4,"Telescope","Hope Hahn"
"144",0.781,0.636,7,-7.474,1,0.0324,0.192,0.0578,0.208,0.969,113.021,"audio_features","5Gw9lA7XwCN7KI7QnS0Ke2","spotify:track:5Gw9lA7XwCN7KI7QnS0Ke2","https://api.spotify.com/v1/tracks/5Gw9lA7XwCN7KI7QnS0Ke2","https://api.spotify.com/v1/audio-analysis/5Gw9lA7XwCN7KI7QnS0Ke2",219987,4,"あこがれ","Hope Hahn"
"145",0.327,0.948,8,-4.355,1,0.0711,0.0355,0.515,0.126,0.469,177.328,"audio_features","2VvfTbJWcguP88dvnpH7hl","spotify:track:2VvfTbJWcguP88dvnpH7hl","https://api.spotify.com/v1/tracks/2VvfTbJWcguP88dvnpH7hl","https://api.spotify.com/v1/audio-analysis/2VvfTbJWcguP88dvnpH7hl",207640,4,"Adult Diversion","Hope Hahn"
"146",0.623,0.664,4,-6.962,1,0.026,0.0621,0.0128,0.16,0.415,124.994,"audio_features","5nradlxm7nAzQVjRWXK8rG","spotify:track:5nradlxm7nAzQVjRWXK8rG","https://api.spotify.com/v1/tracks/5nradlxm7nAzQVjRWXK8rG","https://api.spotify.com/v1/audio-analysis/5nradlxm7nAzQVjRWXK8rG",250640,4,"Tearjerker","Hope Hahn"
"147",0.289,0.595,7,-6.22,1,0.0321,0.549,0.151,0.11,0.26,134.023,"audio_features","2S6HpHHz1GIhNfiXy3mJDy","spotify:track:2S6HpHHz1GIhNfiXy3mJDy","https://api.spotify.com/v1/tracks/2S6HpHHz1GIhNfiXy3mJDy","https://api.spotify.com/v1/audio-analysis/2S6HpHHz1GIhNfiXy3mJDy",188661,3,"Downtown","Hope Hahn"
"148",0.832,0.454,6,-13.399,0,0.0728,0.433,0.133,0.35,0.711,116.877,"audio_features","35HusLibk4RIHUh7nheP10","spotify:track:35HusLibk4RIHUh7nheP10","https://api.spotify.com/v1/tracks/35HusLibk4RIHUh7nheP10","https://api.spotify.com/v1/audio-analysis/35HusLibk4RIHUh7nheP10",178179,4,"Get Fucked","Hope Hahn"
"149",0.622,0.785,7,-7.018,1,0.03,0.134,3.94e-05,0.108,0.747,111.977,"audio_features","08VmsF8pxSVk0cWPAGdSj2","spotify:track:08VmsF8pxSVk0cWPAGdSj2","https://api.spotify.com/v1/tracks/08VmsF8pxSVk0cWPAGdSj2","https://api.spotify.com/v1/audio-analysis/08VmsF8pxSVk0cWPAGdSj2",228680,4,"Grass Eater","Hope Hahn"
"150",0.624,0.596,4,-9.804,1,0.0314,0.475,0.203,0.119,0.896,120.969,"audio_features","3koAwrM1RO0TGMeQJ3qt9J","spotify:track:3koAwrM1RO0TGMeQJ3qt9J","https://api.spotify.com/v1/tracks/3koAwrM1RO0TGMeQJ3qt9J","https://api.spotify.com/v1/audio-analysis/3koAwrM1RO0TGMeQJ3qt9J",89509,4,"$10","Hope Hahn"
"151",0.744,0.438,0,-8.527,1,0.0482,0.689,0,0.101,0.925,132.006,"audio_features","2vj1gPvngTblmHXCvH3u2H","spotify:track:2vj1gPvngTblmHXCvH3u2H","https://api.spotify.com/v1/tracks/2vj1gPvngTblmHXCvH3u2H","https://api.spotify.com/v1/audio-analysis/2vj1gPvngTblmHXCvH3u2H",148894,4,"Nani Koolau","Hope Hahn"
"152",0.544,0.504,10,-9.299,0,0.0327,0.809,0.138,0.135,0.638,81.5,"audio_features","2cX5koYbXtrs4IpnVxHx7A","spotify:track:2cX5koYbXtrs4IpnVxHx7A","https://api.spotify.com/v1/tracks/2cX5koYbXtrs4IpnVxHx7A","https://api.spotify.com/v1/audio-analysis/2cX5koYbXtrs4IpnVxHx7A",192373,4,"Trophy","Hope Hahn"
"153",0.665,0.351,2,-9.424,1,0.0276,0.516,0.819,0.109,0.451,87.057,"audio_features","0R3TWpoxAhT3HDXM7tpRzS","spotify:track:0R3TWpoxAhT3HDXM7tpRzS","https://api.spotify.com/v1/tracks/0R3TWpoxAhT3HDXM7tpRzS","https://api.spotify.com/v1/audio-analysis/0R3TWpoxAhT3HDXM7tpRzS",126120,4,"Ghostride","Hope Hahn"
"154",0.57,0.517,9,-12.352,1,0.0312,0.717,0.671,0.149,0.619,122.871,"audio_features","3Bw3v2zZpA1Yo5faG2WYON","spotify:track:3Bw3v2zZpA1Yo5faG2WYON","https://api.spotify.com/v1/tracks/3Bw3v2zZpA1Yo5faG2WYON","https://api.spotify.com/v1/audio-analysis/3Bw3v2zZpA1Yo5faG2WYON",159760,4,"5 a.m.","Hope Hahn"
"155",0.505,0.427,0,-9.499,1,0.0382,0.654,3.06e-05,0.158,0.707,188.501,"audio_features","5yvSUfFslpf7W9HXbQJa4t","spotify:track:5yvSUfFslpf7W9HXbQJa4t","https://api.spotify.com/v1/tracks/5yvSUfFslpf7W9HXbQJa4t","https://api.spotify.com/v1/audio-analysis/5yvSUfFslpf7W9HXbQJa4t",153600,4,"This Strange Effect - Live at Aeolian Hall, 1965","Hope Hahn"
"156",0.658,0.67,7,-7.093,0,0.0255,0.499,0.0071,0.256,0.696,95.3,"audio_features","1rcxltU3Mzn8gN6Z8ly9Zh","spotify:track:1rcxltU3Mzn8gN6Z8ly9Zh","https://api.spotify.com/v1/tracks/1rcxltU3Mzn8gN6Z8ly9Zh","https://api.spotify.com/v1/audio-analysis/1rcxltU3Mzn8gN6Z8ly9Zh",233559,4,"Visions","Hope Hahn"
"157",0.537,0.712,5,-5.597,1,0.0286,0.289,0.00568,0.08,0.704,159.871,"audio_features","0iTpQYzJnYgh7kIxyq8A2O","spotify:track:0iTpQYzJnYgh7kIxyq8A2O","https://api.spotify.com/v1/tracks/0iTpQYzJnYgh7kIxyq8A2O","https://api.spotify.com/v1/audio-analysis/0iTpQYzJnYgh7kIxyq8A2O",243160,4,"Two Weeks","Hope Hahn"
"158",0.303,0.187,2,-16.757,1,0.0356,0.989,0.489,0.101,0.213,132.731,"audio_features","0V5cvmTKsYmF5FmGGEAfmS","spotify:track:0V5cvmTKsYmF5FmGGEAfmS","https://api.spotify.com/v1/tracks/0V5cvmTKsYmF5FmGGEAfmS","https://api.spotify.com/v1/audio-analysis/0V5cvmTKsYmF5FmGGEAfmS",160853,4,"Je te laisserai des mots","Hope Hahn"
"159",0.572,0.389,7,-14.251,1,0.0513,0.58,0.93,0.113,0.337,74.965,"audio_features","6tLXz2bWnK7fS3eNHi78On","spotify:track:6tLXz2bWnK7fS3eNHi78On","https://api.spotify.com/v1/tracks/6tLXz2bWnK7fS3eNHi78On","https://api.spotify.com/v1/audio-analysis/6tLXz2bWnK7fS3eNHi78On",177333,4,"Hi Ho'alu","Hope Hahn"
"160",0.75,0.528,2,-4.643,1,0.0277,0.0297,1.15e-05,0.0957,0.864,96.094,"audio_features","3Gp3KGChMmdv5v8ahwOCCR","spotify:track:3Gp3KGChMmdv5v8ahwOCCR","https://api.spotify.com/v1/tracks/3Gp3KGChMmdv5v8ahwOCCR","https://api.spotify.com/v1/audio-analysis/3Gp3KGChMmdv5v8ahwOCCR",156653,4,"Like Or Like Like","Hope Hahn"
"161",0.318,0.595,10,-6.832,1,0.0472,0.01,0.859,0.115,0.247,217.328,"audio_features","0RZozk5kT1jy2ZclUaXzG8","spotify:track:0RZozk5kT1jy2ZclUaXzG8","https://api.spotify.com/v1/tracks/0RZozk5kT1jy2ZclUaXzG8","https://api.spotify.com/v1/audio-analysis/0RZozk5kT1jy2ZclUaXzG8",172943,3,"5 A.M. at the Moxy","Hope Hahn"
"162",0.555,0.491,8,-13.514,0,0.0382,0.38,0.0035,0.403,0.52,148.409,"audio_features","7H8MK8NTVHMYxfHaZyn8xO","spotify:track:7H8MK8NTVHMYxfHaZyn8xO","https://api.spotify.com/v1/tracks/7H8MK8NTVHMYxfHaZyn8xO","https://api.spotify.com/v1/audio-analysis/7H8MK8NTVHMYxfHaZyn8xO",243000,4,"Where Were You Where They Were Also","Hope Hahn"
"163",0.64,0.707,0,-3.973,1,0.0242,0.401,0.00333,0.0896,0.0711,106.013,"audio_features","2AjLglUo6dT2WvXwACfsEL","spotify:track:2AjLglUo6dT2WvXwACfsEL","https://api.spotify.com/v1/tracks/2AjLglUo6dT2WvXwACfsEL","https://api.spotify.com/v1/audio-analysis/2AjLglUo6dT2WvXwACfsEL",235755,4,"1995","Hope Hahn"
"164",0.851,0.337,6,-15.945,0,0.0869,0.0865,0.0345,0.0779,0.89,116.984,"audio_features","4QEzrNSHgsl8gGivKyOF9E","spotify:track:4QEzrNSHgsl8gGivKyOF9E","https://api.spotify.com/v1/tracks/4QEzrNSHgsl8gGivKyOF9E","https://api.spotify.com/v1/audio-analysis/4QEzrNSHgsl8gGivKyOF9E",226154,4,"MF Gloom","Hope Hahn"
"165",0.745,0.489,7,-9.12,1,0.0382,0.411,0.00742,0.196,0.788,134.977,"audio_features","2DCwMh1p0BhUpzA6XFWa2m","spotify:track:2DCwMh1p0BhUpzA6XFWa2m","https://api.spotify.com/v1/tracks/2DCwMh1p0BhUpzA6XFWa2m","https://api.spotify.com/v1/audio-analysis/2DCwMh1p0BhUpzA6XFWa2m",111240,3,"The Thinker","Hope Hahn"
"166",0.375,0.711,9,-3.554,1,0.0399,0.00849,4.69e-05,0.102,0.377,106.902,"audio_features","6CSP4f1yEJnGdibOHnwV4X","spotify:track:6CSP4f1yEJnGdibOHnwV4X","https://api.spotify.com/v1/tracks/6CSP4f1yEJnGdibOHnwV4X","https://api.spotify.com/v1/audio-analysis/6CSP4f1yEJnGdibOHnwV4X",109610,4,"Caroline, Please Kill Me","Hope Hahn"
"167",0.634,0.643,5,-11.34,0,0.0361,0.351,0.945,0.198,0.647,100.016,"audio_features","46L1kSOiJL1SFIs0zZLEN8","spotify:track:46L1kSOiJL1SFIs0zZLEN8","https://api.spotify.com/v1/tracks/46L1kSOiJL1SFIs0zZLEN8","https://api.spotify.com/v1/audio-analysis/46L1kSOiJL1SFIs0zZLEN8",231600,4,"Sublunar Swing","Hope Hahn"
"168",0.548,0.815,2,-5.218,0,0.0409,0.0175,8.9e-06,0.127,0.212,129.963,"audio_features","1dpXikU9kSyxm1mKulwHws","spotify:track:1dpXikU9kSyxm1mKulwHws","https://api.spotify.com/v1/tracks/1dpXikU9kSyxm1mKulwHws","https://api.spotify.com/v1/audio-analysis/1dpXikU9kSyxm1mKulwHws",191733,4,"Rush","Hope Hahn"
"169",0.549,0.372,7,-17.391,0,0.0327,0.564,0.2,0.164,0.306,110.719,"audio_features","2SqMEyoqQpLqsOq4zQu6l4","spotify:track:2SqMEyoqQpLqsOq4zQu6l4","https://api.spotify.com/v1/tracks/2SqMEyoqQpLqsOq4zQu6l4","https://api.spotify.com/v1/audio-analysis/2SqMEyoqQpLqsOq4zQu6l4",162004,4,"Stay Away from My Baby","Hope Hahn"
"170",0.625,0.285,1,-16.686,0,0.0537,0.438,0.00279,0.192,0.357,140.02,"audio_features","5Ss6DqCldgTmIo6BekVOJT","spotify:track:5Ss6DqCldgTmIo6BekVOJT","https://api.spotify.com/v1/tracks/5Ss6DqCldgTmIo6BekVOJT","https://api.spotify.com/v1/audio-analysis/5Ss6DqCldgTmIo6BekVOJT",176761,4,"You Say I'm in Love","Hope Hahn"
"171",0.644,0.883,1,-6.985,1,0.473,0.0119,0,0.377,0.522,164.158,"audio_features","4SPBwOTXgku4QvmRtMEGfW","spotify:track:4SPBwOTXgku4QvmRtMEGfW","https://api.spotify.com/v1/tracks/4SPBwOTXgku4QvmRtMEGfW","https://api.spotify.com/v1/audio-analysis/4SPBwOTXgku4QvmRtMEGfW",97317,4,"Cat Girls Are Ruining My Life!","Hope Hahn"
"172",0.649,0.727,2,-7.409,1,0.0325,0.383,0.673,0.131,0.792,99.023,"audio_features","4uThRNOQQlGx9I7QddsJ0w","spotify:track:4uThRNOQQlGx9I7QddsJ0w","https://api.spotify.com/v1/tracks/4uThRNOQQlGx9I7QddsJ0w","https://api.spotify.com/v1/audio-analysis/4uThRNOQQlGx9I7QddsJ0w",116800,4,"Samba do Avião","Hope Hahn"
"173",0.682,0.9,9,-5.028,1,0.0874,0.0884,0.063,0.0685,0.937,100.721,"audio_features","3jfZ9M23l0L7RxzYMTgBTv","spotify:track:3jfZ9M23l0L7RxzYMTgBTv","https://api.spotify.com/v1/tracks/3jfZ9M23l0L7RxzYMTgBTv","https://api.spotify.com/v1/audio-analysis/3jfZ9M23l0L7RxzYMTgBTv",179499,4,"Looking Out for You","Hope Hahn"
"174",0.518,0.507,8,-7.508,0,0.0294,0.0526,0.000631,0.107,0.416,147.884,"audio_features","07bnTdZ6iroLCm4vDZVyb9","spotify:track:07bnTdZ6iroLCm4vDZVyb9","https://api.spotify.com/v1/tracks/07bnTdZ6iroLCm4vDZVyb9","https://api.spotify.com/v1/audio-analysis/07bnTdZ6iroLCm4vDZVyb9",218093,4,"Unlucky","Hope Hahn"
"175",0.46,0.509,0,-8.115,1,0.0482,0.0421,1.38e-06,0.0591,0.408,94.943,"audio_features","5SXM4OsHpWqgNUfvZRI2m6","spotify:track:5SXM4OsHpWqgNUfvZRI2m6","https://api.spotify.com/v1/tracks/5SXM4OsHpWqgNUfvZRI2m6","https://api.spotify.com/v1/audio-analysis/5SXM4OsHpWqgNUfvZRI2m6",362588,4,"Somniphobia","Hope Hahn"
"176",0.431,0.962,4,-7.216,1,0.182,0.0413,0.000211,0.124,0.75,179.683,"audio_features","70uQzsAyJ1vmloywhrO0ss","spotify:track:70uQzsAyJ1vmloywhrO0ss","https://api.spotify.com/v1/tracks/70uQzsAyJ1vmloywhrO0ss","https://api.spotify.com/v1/audio-analysis/70uQzsAyJ1vmloywhrO0ss",199341,4,"Beachboy","Hope Hahn"
"177",0.0621,0.887,7,-4.305,1,0.0632,0.0399,0.000156,0.619,0.48,198.441,"audio_features","4iwMhMvcTqukn1n3NVjb2N","spotify:track:4iwMhMvcTqukn1n3NVjb2N","https://api.spotify.com/v1/tracks/4iwMhMvcTqukn1n3NVjb2N","https://api.spotify.com/v1/audio-analysis/4iwMhMvcTqukn1n3NVjb2N",192533,4,"Holland, 1945","Hope Hahn"
"178",0.632,0.922,7,-2.173,1,0.0794,0.00558,1.81e-05,0.0927,0.497,88.972,"audio_features","2NnJpRXIlx35Vij3bPZO0h","spotify:track:2NnJpRXIlx35Vij3bPZO0h","https://api.spotify.com/v1/tracks/2NnJpRXIlx35Vij3bPZO0h","https://api.spotify.com/v1/audio-analysis/2NnJpRXIlx35Vij3bPZO0h",137747,4,"DAYWALKER! (feat. CORPSE)","Hope Hahn"
"179",0.67,0.905,1,-6.855,1,0.129,0.669,0.000227,0.349,0.563,104.965,"audio_features","0jA4h2SD50Oak4C3Vn905a","spotify:track:0jA4h2SD50Oak4C3Vn905a","https://api.spotify.com/v1/tracks/0jA4h2SD50Oak4C3Vn905a","https://api.spotify.com/v1/audio-analysis/0jA4h2SD50Oak4C3Vn905a",167864,4,"Not Allowed","Hope Hahn"
"180",0.816,0.46,9,-13.299,1,0.034,0.0488,0.261,0.106,0.963,89.57,"audio_features","6SE4JAo7T8C7XkFka5bbga","spotify:track:6SE4JAo7T8C7XkFka5bbga","https://api.spotify.com/v1/tracks/6SE4JAo7T8C7XkFka5bbga","https://api.spotify.com/v1/audio-analysis/6SE4JAo7T8C7XkFka5bbga",173954,4,"Someone To Spend Time With","Hope Hahn"
"181",0.612,0.942,7,-4.549,1,0.0568,0.016,0,0.137,0.807,106.57,"audio_features","0V34LU5aBA3hYgq178hFFY","spotify:track:0V34LU5aBA3hYgq178hFFY","https://api.spotify.com/v1/tracks/0V34LU5aBA3hYgq178hFFY","https://api.spotify.com/v1/audio-analysis/0V34LU5aBA3hYgq178hFFY",209347,4,"Birds Dont Sing","Hope Hahn"
"182",0.587,0.495,3,-9.204,1,0.035,0.687,0.725,0.122,0.759,120.017,"audio_features","45MllV1fJos1Ef6Cd13H2E","spotify:track:45MllV1fJos1Ef6Cd13H2E","https://api.spotify.com/v1/tracks/45MllV1fJos1Ef6Cd13H2E","https://api.spotify.com/v1/audio-analysis/45MllV1fJos1Ef6Cd13H2E",84173,3,"Life's Incredible Again","Hope Hahn"
"183",0.498,0.508,2,-7.262,0,0.0351,0.439,0,0.501,0.376,77.583,"audio_features","2BnuZwAifUdUsUQX4DJhnv","spotify:track:2BnuZwAifUdUsUQX4DJhnv","https://api.spotify.com/v1/tracks/2BnuZwAifUdUsUQX4DJhnv","https://api.spotify.com/v1/audio-analysis/2BnuZwAifUdUsUQX4DJhnv",166161,4,"The Upper East","Hope Hahn"
"184",0.541,0.491,5,-8.747,0,0.0263,0.477,0.000816,0.102,0.274,76.99,"audio_features","4NnNGFTcMv5OK1LvIA2Wgw","spotify:track:4NnNGFTcMv5OK1LvIA2Wgw","https://api.spotify.com/v1/tracks/4NnNGFTcMv5OK1LvIA2Wgw","https://api.spotify.com/v1/audio-analysis/4NnNGFTcMv5OK1LvIA2Wgw",202922,4,"80's High School","Hope Hahn"
"185",0.674,0.789,8,-6.903,1,0.0676,0.00178,0.00708,0.0753,0.918,129.802,"audio_features","1FTSo4v6BOZH9QxKc3MbVM","spotify:track:1FTSo4v6BOZH9QxKc3MbVM","https://api.spotify.com/v1/tracks/1FTSo4v6BOZH9QxKc3MbVM","https://api.spotify.com/v1/audio-analysis/1FTSo4v6BOZH9QxKc3MbVM",121160,4,"Song 2 - 2012 Remaster","Hope Hahn"
"186",0.633,0.476,2,-9.341,0,0.0386,0.481,7.76e-05,0.661,0.456,113.97,"audio_features","7hZtfayYQukFySbj746HJL","spotify:track:7hZtfayYQukFySbj746HJL","https://api.spotify.com/v1/tracks/7hZtfayYQukFySbj746HJL","https://api.spotify.com/v1/audio-analysis/7hZtfayYQukFySbj746HJL",170406,4,"Next Best Thing","Hope Hahn"
"187",0.667,0.536,5,-10.777,0,0.0482,0.117,0.00256,0.292,0.531,80.002,"audio_features","4PdmODtLx2qSknS6Ppf6Mm","spotify:track:4PdmODtLx2qSknS6Ppf6Mm","https://api.spotify.com/v1/tracks/4PdmODtLx2qSknS6Ppf6Mm","https://api.spotify.com/v1/audio-analysis/4PdmODtLx2qSknS6Ppf6Mm",219000,4,"Collect","Hope Hahn"
"188",0.503,0.581,7,-5.676,0,0.0326,0.304,0.0015,0.128,0.311,77.984,"audio_features","1PZilo6aXngKDQwMShQlOu","spotify:track:1PZilo6aXngKDQwMShQlOu","https://api.spotify.com/v1/tracks/1PZilo6aXngKDQwMShQlOu","https://api.spotify.com/v1/audio-analysis/1PZilo6aXngKDQwMShQlOu",173574,4,"I Dropped Out","Hope Hahn"
"189",0.391,0.837,7,-8.091,1,0.164,0.728,0.000151,0.846,0.763,98.68,"audio_features","0tmw7hERc08TAjOnv03RDz","spotify:track:0tmw7hERc08TAjOnv03RDz","https://api.spotify.com/v1/tracks/0tmw7hERc08TAjOnv03RDz","https://api.spotify.com/v1/audio-analysis/0tmw7hERc08TAjOnv03RDz",171187,4,"I Will Bury You in Time - Live","Hope Hahn"
"190",0.519,0.839,9,-2.531,0,0.184,0.0177,0.315,0.0718,0.543,89.825,"audio_features","2BYL7Z9y5DB03fnjMgHcGh","spotify:track:2BYL7Z9y5DB03fnjMgHcGh","https://api.spotify.com/v1/tracks/2BYL7Z9y5DB03fnjMgHcGh","https://api.spotify.com/v1/audio-analysis/2BYL7Z9y5DB03fnjMgHcGh",282454,4,"The Wave","Hope Hahn"
"191",0.505,0.5,4,-8.448,1,0.086,0.37,0,0.155,0.424,135.233,"audio_features","4f2eHx53X06woAdjnbXO7X","spotify:track:4f2eHx53X06woAdjnbXO7X","https://api.spotify.com/v1/tracks/4f2eHx53X06woAdjnbXO7X","https://api.spotify.com/v1/audio-analysis/4f2eHx53X06woAdjnbXO7X",230160,5,"Dead Skin","Hope Hahn"
"192",0.318,0.631,10,-11.295,1,0.0483,0.209,0.163,0.117,0.233,139.48,"audio_features","1L6y6e0u3QwzLEB7snZ7xO","spotify:track:1L6y6e0u3QwzLEB7snZ7xO","https://api.spotify.com/v1/tracks/1L6y6e0u3QwzLEB7snZ7xO","https://api.spotify.com/v1/audio-analysis/1L6y6e0u3QwzLEB7snZ7xO",140906,4,"Where Did My Pets Go?","Hope Hahn"
"193",0.694,0.353,11,-11.218,0,0.154,0.502,0.000885,0.0653,0.819,102.984,"audio_features","3nBdKOCyGeggD4fyTRHGdb","spotify:track:3nBdKOCyGeggD4fyTRHGdb","https://api.spotify.com/v1/tracks/3nBdKOCyGeggD4fyTRHGdb","https://api.spotify.com/v1/audio-analysis/3nBdKOCyGeggD4fyTRHGdb",133393,4,"Computer Talk","Hope Hahn"
"194",0.19,0.925,7,-5.159,1,0.0775,0.000424,0.748,0.346,0.269,169.062,"audio_features","3rXKoYWd8wWR6wq5D17K6X","spotify:track:3rXKoYWd8wWR6wq5D17K6X","https://api.spotify.com/v1/tracks/3rXKoYWd8wWR6wq5D17K6X","https://api.spotify.com/v1/audio-analysis/3rXKoYWd8wWR6wq5D17K6X",188336,4,"Wake","Hope Hahn"
"195",0.384,0.85,6,-8.051,0,0.0632,0.000403,0.0016,0.113,0.592,154.969,"audio_features","7lDPr3wYYKewaye3RHRXZx","spotify:track:7lDPr3wYYKewaye3RHRXZx","https://api.spotify.com/v1/tracks/7lDPr3wYYKewaye3RHRXZx","https://api.spotify.com/v1/audio-analysis/7lDPr3wYYKewaye3RHRXZx",196645,4,"If It Were Me","Hope Hahn"
"196",0.491,0.32,5,-9.541,0,0.0531,0.518,0.251,0.0938,0.361,138.104,"audio_features","1O7G7PisRvw4wvWwaEnnH5","spotify:track:1O7G7PisRvw4wvWwaEnnH5","https://api.spotify.com/v1/tracks/1O7G7PisRvw4wvWwaEnnH5","https://api.spotify.com/v1/audio-analysis/1O7G7PisRvw4wvWwaEnnH5",200756,3,"Over The Fence","Hope Hahn"
"197",0.723,0.615,2,-7.477,1,0.0261,0.574,0.0767,0.114,0.734,91.99,"audio_features","6fGGpAmTiCQnzt5CZj6m96","spotify:track:6fGGpAmTiCQnzt5CZj6m96","https://api.spotify.com/v1/tracks/6fGGpAmTiCQnzt5CZj6m96","https://api.spotify.com/v1/audio-analysis/6fGGpAmTiCQnzt5CZj6m96",244905,4,"Climax Night","Hope Hahn"
"198",0.726,0.492,10,-8.046,0,0.0794,0.566,8.14e-06,0.257,0.526,85.939,"audio_features","2AA1f7utyvXpmtKsEvp5lz","spotify:track:2AA1f7utyvXpmtKsEvp5lz","https://api.spotify.com/v1/tracks/2AA1f7utyvXpmtKsEvp5lz","https://api.spotify.com/v1/audio-analysis/2AA1f7utyvXpmtKsEvp5lz",207113,4,"하루살이","Hope Hahn"
"199",0.389,0.597,6,-9.517,0,0.0313,0.128,0.287,0.153,0.704,145.999,"audio_features","39MMNcbRPAWgHm9Nx43uXF","spotify:track:39MMNcbRPAWgHm9Nx43uXF","https://api.spotify.com/v1/tracks/39MMNcbRPAWgHm9Nx43uXF","https://api.spotify.com/v1/audio-analysis/39MMNcbRPAWgHm9Nx43uXF",228973,3,"Cliff Has Left the Building","Hope Hahn"
"200",0.369,0.68,6,-5.666,1,0.0379,0.000364,0.676,0.149,0.438,119.952,"audio_features","49DmTlbizOa1VTQRqVAuWJ","spotify:track:49DmTlbizOa1VTQRqVAuWJ","https://api.spotify.com/v1/tracks/49DmTlbizOa1VTQRqVAuWJ","https://api.spotify.com/v1/audio-analysis/49DmTlbizOa1VTQRqVAuWJ",191491,4,"Pangaea Girls (Magic Feeling)","Hope Hahn"
